label,H,S,V,Contrast,Homogeneity,Energy
1,84.15671982167352,100.01221965020576,166.3839188957476,174.90192075796728,0.3448516366082517,0.048248347620426166
1,92.30587105624143,84.21889574759945,148.58572359396433,156.07437639965548,0.29519070353103116,0.03880860306828046
1,88.54326303155007,90.97548182441702,168.879704218107,152.0950301464255,0.36304363450734906,0.05648234957890375
1,85.9603669410151,94.74444787379973,158.52758316186558,127.68421791559,0.34555105893592325,0.04441781888217089
2,75.72920696159122,143.89661436899863,171.58480281207133,247.0560594315245,0.3548608365550491,0.06016257498957348
2,96.04236025377229,103.19206532921811,178.2927709190672,187.24458742463398,0.25610612346368034,0.06213255874664096
2,81.33741941015089,126.30435956790123,145.20899605624143,232.4355848406546,0.22643113993527333,0.03570192523079497
2,80.34597993827161,87.10649176954732,165.89004115226336,261.74999310938847,0.34001835988132567,0.055621629124578645
