label,R,G,B,Contrast,Homogeneity,Energy
1,28.908717864923748,47.29971350762527,3.9983464052287583,224.15357154582767,0.5994937207388749,0.5404004752831837
1,26.396915143280633,45.417423727766796,19.196739130434782,224.0017003105591,0.49092880095669006,0.3853838716178876
1,32.90548197484153,56.96325093986534,6.923528504447984,224.08088631364745,0.38387938183814796,0.287451009884143
1,36.445841010792314,56.9292211400661,3.553629610131321,214.2278883348777,0.497877047931885,0.4250307241938649
2,52.693110829634584,78.79513571272925,15.522590433397461,520.1766142521798,0.34947012593222565,0.282142703741063
2,52.122861075162795,45.47404824997726,24.366399915484774,645.1903134358391,0.3080089101833643,0.25502572822351927
2,33.659854960396245,56.73131866218033,10.266707071551478,554.7754035422039,0.3679654177810174,0.29183572062647356
2,57.89194736260751,70.8995166745778,24.7425956276812,499.38432252454385,0.4013612010321861,0.35452289087297734
