label,H,S,V,Contrast,Homogeneity,Energy
1,20.599740740740742,108.11355882352942,47.3606045751634,224.15357154582767,0.5994937207388749,0.5404004752831837
1,36.63239562747036,119.93465137104744,46.25046010375494,224.0017003105591,0.49092880095669006,0.3853838716178876
1,32.45180623256626,161.50136682345027,57.02416424925062,224.08088631364745,0.38387938183814796,0.287451009884143
1,24.802565002486034,137.58707408382324,56.970053522856894,214.2278883348777,0.497877047931885,0.4250307241938649
2,32.099517230208825,150.6894239273433,79.00551637024236,520.1766142521798,0.34947012593222565,0.282142703741063
2,33.508115515880355,123.86367517981495,57.83775130807854,645.1903134358391,0.3080089101833643,0.25502572822351927
2,34.33391990079904,157.49495287257832,57.59386681714003,554.7754035422039,0.3679654177810174,0.29183572062647356
2,25.847449480701314,112.96284902275123,70.95128832048148,499.38432252454385,0.4013612010321861,0.35452289087297734
