label,H,S,V,dissimilarity,homogeneity,contrast
1,84.15671982167352,100.01221965020576,166.3839188957476,5.677229974160206,0.3448516366082517,174.90192075796728
1,92.30587105624143,84.21889574759945,148.58572359396433,5.217571920757966,0.29519070353103116,156.07437639965548
1,88.54326303155007,90.97548182441702,168.879704218107,4.880482342807924,0.36304363450734906,152.0950301464255
1,85.9603669410151,94.74444787379973,158.52758316186558,5.060664082687338,0.34555105893592325,127.68421791559
2,75.72920696159122,143.89661436899863,171.58480281207133,8.148524547803614,0.3548608365550491,247.0560594315245
2,96.04236025377229,103.19206532921811,178.2927709190672,6.779786391042206,0.25610612346368034,187.24458742463398
2,81.33741941015089,126.30435956790123,145.20899605624143,7.879150732127477,0.22643113993527333,232.4355848406546
2,80.34597993827161,87.10649176954732,165.89004115226336,8.001486649440139,0.34001835988132567,261.74999310938847
