label,H,S,V,dissimilarity 0,dissimilarity 45,dissimilarity 90,dissimilarity 135,homogeneity 0,homogeneity 45,homogeneity 90,homogeneity 135,contrast 0,contrast 45,contrast 90,contrast 135
1,69.98134859396434,142.0613760288066,149.23350651577505,6.6821274763153085,7.319608456213936,7.327988802758271,7.465772308288654,0.2834913633993456,0.27407834017620797,0.27679788546606077,0.26776931201934984,195.47731782951303,241.9715100330614,243.84124461677843,250.88282189304033
1,69.66527520576132,158.24998028120714,102.89403034979424,7.097314384155109,7.7309514102919845,7.643791559004617,7.597066271888807,0.2383883161642322,0.22270058398424106,0.22208396468090683,0.221449408415474,225.45562618443483,253.82601297666258,236.78718690795927,240.07843918000174
1,69.59262174211248,147.54587277091906,132.05748371056242,6.410604651165644,6.874759884470015,6.639242894059828,6.901405798705657,0.27563217006536767,0.26236724497446495,0.26492088997644814,0.26273622937675917,192.02141257545563,219.10012126703555,195.21713092170987,218.58871664299605
1,64.87614969135802,157.5364866255144,134.30876028806586,6.497906976745916,6.931030700240063,6.809134366926696,6.809983105541154,0.26435918175017437,0.2536133054642899,0.25281692869802735,0.25278465996640576,155.60068906119406,171.5935768231712,161.54854177437244,165.4161556294326
2,63.81919924554184,166.91699417009602,150.20257458847738,9.20974763135404,9.52255876784494,9.078717484928523,9.573869211315957,0.2547845969595763,0.24681373161526005,0.2566083970423772,0.24678739854947018,252.32695004311415,267.3455607993351,246.7751860465585,274.056675902772
2,63.53797410836763,141.0946073388203,116.58930469821674,11.88080792420529,12.112189231769696,11.490472006892668,12.496260934758814,0.1434986781815321,0.14297527961029247,0.1435350915987026,0.13080799286425474,323.59334883726115,343.9541983941927,306.26253919040795,348.00565307972585
2,66.12332990397805,169.09579218106995,118.17872256515776,9.553666666668832,10.021898018270887,9.174329888029886,9.694709512031174,0.18284221132019654,0.1750049824171359,0.1856619984754359,0.1810638512289997,276.95454866500614,298.9960553682633,257.57875538335537,288.1876563342488
2,62.95536008230453,119.98842764060356,145.66933899176954,10.961391903532734,11.111251226489967,10.7260956072366,10.937547504872132,0.22782188699674222,0.22311105986761676,0.23182853556922847,0.22571611114914641,326.1669457364706,336.9964379983846,313.82152024121103,323.8293625019228
