label,R,G,B,correlation,homogeneity,contrast
1,137.0116546639232,158.14772633744855,131.41087620027434,0.9620457436495566,0.3448516366082517,174.90192075796728
1,123.11329046639231,139.09308470507546,133.30785322359395,0.9750709779188235,0.29519070353103116,156.07437639965548
1,141.9447033607682,158.8803163580247,145.48244770233197,0.9790967915087055,0.36304363450734906,152.0950301464255
1,135.61827160493826,151.13521347736625,125.39607167352538,0.9689550997622931,0.34555105893592325,127.68421791559
2,118.00633916323731,150.4483650548697,124.60765432098765,0.9449623715058291,0.3548608365550491,247.0560594315245
2,121.53094478737997,139.0531970164609,168.41121484910838,0.9417678139525048,0.25610612346368034,187.24458742463398
2,106.39864283264747,132.34409379286694,115.74960819615912,0.9564984060279031,0.22643113993527333,232.4355848406546
2,137.84579646776405,156.52606481481482,139.13283950617284,0.9069618552144544,0.34001835988132567,261.74999310938847
