label,R,G,B,Contrast,Homogeneity,Energy
1,137.0116546639232,158.14772633744855,131.41087620027434,174.90192075796728,0.3448516366082517,0.048248347620426166
1,123.11329046639231,139.09308470507546,133.30785322359395,156.07437639965548,0.29519070353103116,0.03880860306828046
1,141.9447033607682,158.8803163580247,145.48244770233197,152.0950301464255,0.36304363450734906,0.05648234957890375
1,135.61827160493826,151.13521347736625,125.39607167352538,127.68421791559,0.34555105893592325,0.04441781888217089
2,118.00633916323731,150.4483650548697,124.60765432098765,247.0560594315245,0.3548608365550491,0.06016257498957348
2,121.53094478737997,139.0531970164609,168.41121484910838,187.24458742463398,0.25610612346368034,0.06213255874664096
2,106.39864283264747,132.34409379286694,115.74960819615912,232.4355848406546,0.22643113993527333,0.03570192523079497
2,137.84579646776405,156.52606481481482,139.13283950617284,261.74999310938847,0.34001835988132567,0.055621629124578645
