label,H,S,V,dissimilarity,correlation,homogeneity
1,77.43271412037036,118.49864583333333,158.95084297839506,6.702016317016317,0.9535578659068168,0.3006849458750384
1,78.99706983024691,126.31532407407407,122.22445216049383,7.069358974358974,0.9679247840669737,0.2500342315634301
1,64.20470293209877,163.1526601080247,122.03521026234569,7.678972416472419,0.9610576747482928,0.23223052328556612
1,70.18852816358024,142.43599537037036,138.71056520061728,6.659887334887336,0.9570207602280222,0.27274637149513664
2,63.78440007716049,166.72564814814814,150.1670698302469,10.615582750582751,0.9163439108284122,0.23548841782235475
2,63.32076774691358,140.93075424382715,116.52382523148148,13.896190753690755,0.902602854392604,0.1295634227613756
2,66.09965663580248,168.71248649691358,118.15002314814815,11.28529526029526,0.9269533292081258,0.1675080098774081
2,62.91506172839506,119.93216820987654,145.6571412037037,11.679873737373736,0.873050334155105,0.21595584382622812
