label,H,S,V,correlation 0,correlation 45,correlation 90,correlation 135,homogeneity 0,homogeneity 45,homogeneity 90,homogeneity 135,contrast 0,contrast 45,contrast 90,contrast 135
1,69.98134859396434,142.0613760288066,149.23350651577505,0.960146539073503,0.9506347954496243,0.9502984979096235,0.9488166255976497,0.2834913633993456,0.27407834017620797,0.27679788546606077,0.26776931201934984,195.47731782951303,241.9715100330614,243.84124461677843,250.88282189304033
1,69.66527520576132,158.24998028120714,102.89403034979424,0.9671539610432658,0.9628769514410802,0.9654300914176668,0.9648873201842122,0.2383883161642322,0.22270058398424106,0.22208396468090683,0.221449408415474,225.45562618443483,253.82601297666258,236.78718690795927,240.07843918000174
1,69.59262174211248,147.54587277091906,132.05748371056242,0.9751405343055346,0.9715922592655531,0.9747410540673632,0.9716586925563339,0.27563217006536767,0.26236724497446495,0.26492088997644814,0.26273622937675917,192.02141257545563,219.10012126703555,195.21713092170987,218.58871664299605
1,64.87614969135802,157.5364866255144,134.30876028806586,0.9623797569744991,0.9584279921403875,0.9609216139945609,0.9599245264754808,0.26435918175017437,0.2536133054642899,0.25281692869802735,0.25278465996640576,155.60068906119406,171.5935768231712,161.54854177437244,165.4161556294326
2,63.81919924554184,166.91699417009602,150.20257458847738,0.9364019730468854,0.9324830370313687,0.9378648880222371,0.9307877075659985,0.2547845969595763,0.24681373161526005,0.2566083970423772,0.24678739854947018,252.32695004311415,267.3455607993351,246.7751860465585,274.056675902772
2,63.53797410836763,141.0946073388203,116.58930469821674,0.9276473637760652,0.9229762867750815,0.931660457589967,0.9220692762613957,0.1434986781815321,0.14297527961029247,0.1435350915987026,0.13080799286425474,323.59334883726115,343.9541983941927,306.26253919040795,348.00565307972585
2,66.12332990397805,169.09579218106995,118.17872256515776,0.9469384904103219,0.9426134755118628,0.9506741918402477,0.9446879023913596,0.18284221132019654,0.1750049824171359,0.1856619984754359,0.1810638512289997,276.95454866500614,298.9960553682633,257.57875538335537,288.1876563342488
2,62.95536008230453,119.98842764060356,145.66933899176954,0.8896508172713882,0.8857519719448057,0.8936368423451092,0.8902159280000803,0.22782188699674222,0.22311105986761676,0.23182853556922847,0.22571611114914641,326.1669457364706,336.9964379983846,313.82152024121103,323.8293625019228
