label,H,S,V,correlation,homogeneity,contrast
1,77.43271412037036,118.49864583333333,158.95084297839506,0.9535578659068168,0.3006849458750384,231.3963209013209
1,78.99706983024691,126.31532407407407,122.22445216049383,0.9679247840669737,0.2500342315634301,251.89143745143744
1,64.20470293209877,163.1526601080247,122.03521026234569,0.9610576747482928,0.23223052328556612,270.0576165501166
1,70.18852816358024,142.43599537037036,138.71056520061728,0.9570207602280222,0.27274637149513664,180.54112665112666
2,63.78440007716049,166.72564814814814,150.1670698302469,0.9163439108284122,0.23548841782235475,331.24236596736597
2,63.32076774691358,140.93075424382715,116.52382523148148,0.902602854392604,0.1295634227613756,434.55845571095574
2,66.09965663580248,168.71248649691358,118.15002314814815,0.9269533292081258,0.1675080098774081,380.4424475524475
2,62.91506172839506,119.93216820987654,145.6571412037037,0.873050334155105,0.21595584382622812,375.35605866355866
