label,R,G,B,dissimilarity 0,dissimilarity 45,dissimilarity 90,dissimilarity 135,correlation 0,correlation 45,correlation 90,correlation 135,contrast 0,contrast 45,contrast 90,contrast 135
1,115.61457818930042,144.0187037037037,93.13982081618656,6.6821274763153085,7.319608456213936,7.327988802758271,7.465772308288654,0.960146539073503,0.9506347954496243,0.9502984979096235,0.9488166255976497,195.47731782951303,241.9715100330614,243.84124461677843,250.88282189304033
1,71.96078017832647,98.9988177297668,66.7032810356653,7.097314384155109,7.7309514102919845,7.643791559004617,7.597066271888807,0.9671539610432658,0.9628769514410802,0.9654300914176668,0.9648873201842122,225.45562618443483,253.82601297666258,236.78718690795927,240.07843918000174
1,101.84801954732511,126.62793038408779,87.46053840877914,6.410604651165644,6.874759884470015,6.639242894059828,6.901405798705657,0.9751405343055346,0.9715922592655531,0.9747410540673632,0.9716586925563339,192.02141257545563,219.10012126703555,195.21713092170987,218.58871664299605
1,105.56754543895748,130.58687242798354,72.84297325102881,6.497906976745916,6.931030700240063,6.809134366926696,6.809983105541154,0.9623797569744991,0.9584279921403875,0.9609216139945609,0.9599245264754808,155.60068906119406,171.5935768231712,161.54854177437244,165.4161556294326
2,102.85737568587106,137.4277143347051,86.5090835048011,9.20974763135404,9.52255876784494,9.078717484928523,9.573869211315957,0.9364019730468854,0.9324830370313687,0.9378648880222371,0.9307877075659985,252.32695004311415,267.3455607993351,246.7751860465585,274.056675902772
2,90.49449074074074,91.09927040466393,82.92023062414266,11.88080792420529,12.112189231769696,11.490472006892668,12.496260934758814,0.9276473637760652,0.9229762867750815,0.931660457589967,0.9220692762613957,323.59334883726115,343.9541983941927,306.26253919040795,348.00565307972585
2,81.17598165294925,110.76251028806584,70.62285236625515,9.553666666668832,10.021898018270887,9.174329888029886,9.694709512031174,0.9469384904103219,0.9426134755118628,0.9506741918402477,0.9446879023913596,276.95454866500614,298.9960553682633,257.57875538335537,288.1876563342488
2,120.47270833333333,140.45028463648833,99.16152777777778,10.961391903532734,11.111251226489967,10.7260956072366,10.937547504872132,0.8896508172713882,0.8857519719448057,0.8936368423451092,0.8902159280000803,326.1669457364706,336.9964379983846,313.82152024121103,323.8293625019228
