label,R,G,B,correlation 0,correlation 45,correlation 90,correlation 135,homogeneity 0,homogeneity 45,homogeneity 90,homogeneity 135,contrast 0,contrast 45,contrast 90,contrast 135
1,127.49502507716049,151.9910725308642,114.74778356481481,0.9535578659068089,0.9393505185947237,0.9434653956922713,0.9387357936743937,0.30068494587502875,0.2996491130537095,0.30804396999521927,0.2903760358769364,231.39632090130976,302.5321268063161,282.011109168597,305.5987133672813
1,93.67239390432098,116.18043209876544,94.96326774691359,0.9679247840669817,0.9657948996533827,0.9701103479472841,0.9673578154038855,0.25003423156345833,0.23740590870825098,0.2405518582051975,0.2344821727569716,251.8914374514671,268.38192667214486,234.31593434345814,256.11879115826787
1,90.88668402777778,117.87852237654322,71.52013695987654,0.9610576747482924,0.957330790960417,0.9643118100412105,0.957300846865147,0.23223052328561195,0.22392928616672508,0.23095956533472942,0.22256616320009442,270.0576165501722,294.8099485815849,248.1878574204084,295.020290409239
1,111.67945408950617,134.29273341049384,83.83811921296297,0.9570207602280155,0.9540435889746127,0.9591926761605596,0.9555243154965641,0.27274637149515757,0.264658656084218,0.2658470314038992,0.2594061345691454,180.54112665114354,192.70334493308027,171.30179875681338,186.49249789335087
2,102.85491898148148,137.4352449845679,86.55525462962963,0.9163439108284086,0.9120178325144117,0.9192415632496215,0.9085119067701793,0.23548841782235816,0.22749077341389368,0.23584057373241102,0.22646628599467775,331.2423659673724,347.33429824290755,320.2681487956522,361.1695327861454
2,90.49628279320987,91.10066165123457,82.95831211419753,0.9026028543926139,0.8963131078657997,0.9084554302227905,0.8958829017377659,0.12956342276138283,0.1271720176689816,0.1291733941280051,0.11904345854983724,434.558455710975,461.5365605786731,409.6574145299346,463.45360241570006
2,81.17977816358025,110.76552276234568,70.7728549382716,0.926953329208127,0.9223398511052967,0.9329968480321621,0.9248173648547816,0.16750800987742206,0.16155262929706052,0.17026712006059502,0.16468987160650192,380.4424475524826,403.3599060579236,349.1964937840335,390.49199073068144
2,120.4706925154321,140.45019097222223,99.16619598765432,0.873050334155113,0.8679322652960861,0.8787861731476212,0.872615061564083,0.21595584382623145,0.20824575616563318,0.21708998033095547,0.21000047116999582,375.3560586635664,389.26628577449736,357.4197047397125,375.4649218969653
