label,R,G,B,dissimilarity,correlation,homogeneity
1,127.49502507716049,151.9910725308642,114.74778356481481,6.702016317016317,0.9535578659068168,0.3006849458750384
1,93.67239390432098,116.18043209876544,94.96326774691359,7.069358974358974,0.9679247840669737,0.2500342315634301
1,90.88668402777778,117.87852237654322,71.52013695987654,7.678972416472419,0.9610576747482928,0.23223052328556612
1,111.67945408950617,134.29273341049384,83.83811921296297,6.659887334887336,0.9570207602280222,0.27274637149513664
2,102.85491898148148,137.4352449845679,86.55525462962963,10.615582750582751,0.9163439108284122,0.23548841782235475
2,90.49628279320987,91.10066165123457,82.95831211419753,13.896190753690755,0.902602854392604,0.1295634227613756
2,81.17977816358025,110.76552276234568,70.7728549382716,11.28529526029526,0.9269533292081258,0.1675080098774081
2,120.4706925154321,140.45019097222223,99.16619598765432,11.679873737373736,0.873050334155105,0.21595584382622812
