label,R,G,B,dissimilarity 0,dissimilarity 45,dissimilarity 90,dissimilarity 135,correlation 0,correlation 45,correlation 90,correlation 135,homogeneity 0,homogeneity 45,homogeneity 90,homogeneity 135
1,127.49502507716049,151.9910725308642,114.74778356481481,6.702016317016139,7.500932399114524,7.1644813519812045,7.581270871696494,0.9535578659068089,0.9393505185947237,0.9434653956922713,0.9387357936743937,0.30068494587502875,0.2996491130537095,0.30804396999521927,0.2903760358769364
1,93.67239390432098,116.18043209876544,94.96326774691359,7.069358974359865,7.481127695766721,7.2221348096357625,7.508381838895872,0.9679247840669817,0.9657948996533827,0.9701103479472841,0.9673578154038855,0.25003423156345833,0.23740590870825098,0.2405518582051975,0.2344821727569716
1,90.88668402777778,117.87852237654322,71.52013695987654,7.678972416473975,8.034438297808203,7.581998834500458,8.109145313818766,0.9610576747482924,0.957330790960417,0.9643118100412105,0.957300846865147,0.23223052328561195,0.22392928616672508,0.23095956533472942,0.22256616320009442
1,111.67945408950617,134.29273341049384,83.83811921296297,6.6598873348879195,6.92405043538066,6.748729603730047,6.961557067508285,0.9570207602280155,0.9540435889746127,0.9591926761605596,0.9555243154965641,0.27274637149515757,0.264658656084218,0.2658470314038992,0.2594061345691454
2,102.85491898148148,137.4352449845679,86.55525462962963,10.615582750582858,10.956454230518236,10.430421522921664,11.059529196967361,0.9163439108284086,0.9120178325144117,0.9192415632496215,0.9085119067701793,0.23548841782235816,0.22749077341389368,0.23584057373241102,0.22646628599467775
2,90.49628279320987,91.10066165123457,82.95831211419753,13.896190753691426,14.177228004745313,13.374085081585829,14.542983989265354,0.9026028543926139,0.8963131078657997,0.9084554302227905,0.8958829017377659,0.12956342276138283,0.1271720176689816,0.1291733941280051,0.11904345854983724
2,81.17977816358025,110.76552276234568,70.7728549382716,11.285295260296179,11.725410411661738,10.753914141415375,11.423250678819452,0.926953329208127,0.9223398511052967,0.9329968480321621,0.9248173648547816,0.16750800987742206,0.16155262929706052,0.17026712006059502,0.16468987160650192
2,120.4706925154321,140.45019097222223,99.16619598765432,11.679873737373956,11.92053735838555,11.392226107226435,11.729797368996831,0.873050334155113,0.8679322652960861,0.8787861731476212,0.872615061564083,0.21595584382623145,0.20824575616563318,0.21708998033095547,0.21000047116999582
