label,R,G,B,dissimilarity,correlation,contrast
1,137.0116546639232,158.14772633744855,131.41087620027434,5.677229974160206,0.9620457436495566,174.90192075796728
1,123.11329046639231,139.09308470507546,133.30785322359395,5.217571920757966,0.9750709779188235,156.07437639965548
1,141.9447033607682,158.8803163580247,145.48244770233197,4.880482342807924,0.9790967915087055,152.0950301464255
1,135.61827160493826,151.13521347736625,125.39607167352538,5.060664082687338,0.9689550997622931,127.68421791559
2,118.00633916323731,150.4483650548697,124.60765432098765,8.148524547803614,0.9449623715058291,247.0560594315245
2,121.53094478737997,139.0531970164609,168.41121484910838,6.779786391042206,0.9417678139525048,187.24458742463398
2,106.39864283264747,132.34409379286694,115.74960819615912,7.879150732127477,0.9564984060279031,232.4355848406546
2,137.84579646776405,156.52606481481482,139.13283950617284,8.001486649440139,0.9069618552144544,261.74999310938847
