label,R,G,B,dissimilarity 0,dissimilarity 45,dissimilarity 90,dissimilarity 135,homogeneity 0,homogeneity 45,homogeneity 90,homogeneity 135,contrast 0,contrast 45,contrast 90,contrast 135
1,137.0116546639232,158.14772633744855,131.41087620027434,5.677229974160516,6.457178245187954,6.5196985357454205,6.595229992676256,0.3448516366082673,0.33390639767215274,0.33192451835573417,0.32284353701780905,174.90192075797657,237.63642708090404,242.55917312662694,244.1538475491134
1,123.11329046639231,139.09308470507546,133.30785322359395,5.217571920758427,5.6547691436002525,5.653637381568072,5.682884253949657,0.2951907035310568,0.28033560621966486,0.28298998858695873,0.2810227055584793,156.07437639966852,174.12447140035977,169.06032988804282,172.71282787000476
1,141.9447033607682,158.8803163580247,145.48244770233197,4.880482342808073,5.300747294814157,5.170741602067355,5.3058985503247165,0.36304363450735727,0.3466125432014463,0.35087295624449855,0.3510753364409716,152.09503014643053,176.93066879951013,161.53990783807436,176.92630007879126
1,135.61827160493826,151.13521347736625,125.39607167352538,5.060664082687989,5.381084078440683,5.196312661499323,5.336601380578639,0.3455510589359723,0.32980778537043837,0.33775771626362266,0.33574595033369814,127.68421791560513,139.19174348061992,126.3002609819249,136.6744905750482
2,118.00633916323731,150.4483650548697,124.60765432098765,8.148524547804012,8.494803830793348,8.225228251507758,8.524151476624624,0.3548608365550656,0.343130119541648,0.35130001052495413,0.3427861999415045,247.0560594315379,265.14113265434383,252.4864272179293,270.3343997457338
2,121.53094478737997,139.0531970164609,168.41121484910838,6.7797863910423075,7.000317850776056,6.802303186907934,7.145473735852333,0.25610612346368483,0.24884648744183638,0.24968007698839004,0.2432245198059721,187.24458742463696,200.68087263857728,186.16128682170995,202.19378187145372
2,106.39864283264747,132.34409379286694,115.74960819615912,7.879150732127841,8.294045653045902,7.8196709732993295,8.090454457512315,0.22643113993528213,0.21890898188042773,0.22576116399220567,0.2219146207846611,232.4355848406639,253.93669500838226,230.0734384151683,245.84852337586847
2,137.84579646776405,156.52606481481482,139.13283950617284,8.001486649440478,8.142908472796483,7.841732127476581,8.019539185473255,0.340018359881336,0.33104878177287045,0.3450293222315468,0.33732656239717534,261.74999310939666,269.304654786427,252.8135891472935,262.302053246928
