label,R,G,B,dissimilarity,correlation,contrast
1,127.49502507716049,151.9910725308642,114.74778356481481,6.702016317016317,0.9535578659068168,231.3963209013209
1,93.67239390432098,116.18043209876544,94.96326774691359,7.069358974358974,0.9679247840669737,251.89143745143744
1,90.88668402777778,117.87852237654322,71.52013695987654,7.678972416472419,0.9610576747482928,270.0576165501166
1,111.67945408950617,134.29273341049384,83.83811921296297,6.659887334887336,0.9570207602280222,180.54112665112666
2,102.85491898148148,137.4352449845679,86.55525462962963,10.615582750582751,0.9163439108284122,331.24236596736597
2,90.49628279320987,91.10066165123457,82.95831211419753,13.896190753690755,0.902602854392604,434.55845571095574
2,81.17977816358025,110.76552276234568,70.7728549382716,11.28529526029526,0.9269533292081258,380.4424475524475
2,120.4706925154321,140.45019097222223,99.16619598765432,11.679873737373736,0.873050334155105,375.35605866355866
